feature,importance
embedding_difference,14.20367716427894
name_length_diff,13.804400805206079
shared_abbreviations,10.346809288033045
name_char_3gram_sim,6.406958613077229
same_last_token,5.700105430327125
name_tfidf_cosine_sim,5.130783024313472
address_length_diff,4.631236937307688
name_token_sort_ratio,4.570202360921065
address_tfidf_cosine_sim,4.339550349899328
address_token_count_diff,3.954802881245439
name_jaccard_sim,3.4140530007542997
address_char_ngram_sim,3.1587822615645527
shared_numeric_tokens,3.034774148616756
name_token_count_diff,2.7927823464814883
same_first_token,2.3421128115100025
name_embedding_cosine,2.2552771121100794
address_token_overlap,2.1319979150597423
name_levenshtein_sim,1.7117033435120832
name_token_containment,1.5578988294059404
combined_embedding_score,1.265963686987136
address_jaccard_sim,0.9790704189688376
embedding_l2_distance,0.7388976076732855
name_token_overlap,0.6399979244922073
address_embedding_cosine,0.5937645071979751
address_levenshtein_sim,0.29439723105622034
name_exact_match,0.0
country_missing_indicator,0.0
country_exact_match,0.0
address_exact_match,0.0
country_compatible,0.0
missing_both_addresses,0.0
missing_s1_country,0.0
missing_cand_country,0.0
missing_cand_name,0.0
missing_s1_address,0.0
missing_s1_name,0.0
missing_cand_address,0.0
